filter,MATCHONCE(DocumentType == 'EC Purchase Order' && ItemCategory != '2-way match')
,50, 100, 200, 400
functions,200, 400, 800, 1600
functions (shared),39, 41, 41, 41
10000,6.7103193333333335, 4.2073469999999995, 4.945125333333333, 6.347486333333333
100000,37.52212466666666, 36.549749999999996, 35.1275, 32.504736
500000,165.859375, 145.175625, 158.596125, 145.94655533333332
1000000,298.65086133333335, 291.148472, 300.34368066666667, 293.66613866666665
