filter,MATCHONCE(DocumentType != 'EC Purchase order' && ItemCategory == '3-way match, invoice after GR')
,50, 100, 200, 400
functions,200, 400, 800, 1600
functions (shared),39, 41, 41, 41
10000,19.830097, 22.285653, 36.194847, 63.516611000000005
100000,120.82130533333333, 161.87812499999998, 225.19036133333336, 357.05718099999996
500000,511.39948599999997, 651.20575, 888.6524863333334, 1322.977917
1000000,1021.881986, 1291.8933749999999, 1755.0775276666666, 2575.8459303333334
