filter,MATCHONCE(DocumentType == 'Framework order' && ItemCategory != '3-way match, invoice before GR')
,50, 100, 200, 400
functions,200, 400, 800, 1600
functions (shared),37, 41, 41, 41
10000,9.282014333333334, 11.645541666666666, 19.638291666666664, 29.929222333333332
100000,36.0015, 47.135014000000005, 52.735985666666664, 78.53907
500000,189.90872233333334, 199.8785, 230.00472233333335, 292.4834716666667
1000000,376.85393066666666, 401.2765416666666, 437.24331966666665, 519.843236
