filter, NONE
,50, 100, 200, 400
functions,150, 300, 600, 1200
functions (shared),36, 40, 40, 40
10000,29.1245, 38.733291666666666, 52.80237466666667, 100.257153
100000,258.269167, 374.35870866666664, 558.5534166666666, 1150.5605830000002
500000,1397.9276666666665, 2124.0037363333336, 3126.4882359999997, 6058.076903
1000000,2843.984430666667, 4391.705139000001, 6349.290305666666, 11914.943764000001
