filter,MATCHONCE(DocumentType != 'Standard PO' && ItemCategory == '2-way match')
,50, 100, 200, 400
functions,200, 400, 800, 1600
functions (shared),39, 41, 41, 41
10000,3.478125, 4.3961250000000005, 6.068403, 11.137527666666665
100000,27.853416666666664, 29.409916666666664, 29.754139, 38.860110999999996
500000,158.65625, 169.52094433333335, 179.75945866666666, 208.02001366666664
1000000,335.21825, 334.8757083333333, 358.77591666666666, 401.239764
