filter,MATCHONCE(DocumentType != 'EC Purchase order' && ItemCategory == '3-way match, invoice after GR')
,50, 100, 200, 400
functions,100, 200, 400, 800
functions (shared),51, 101, 201, 401
10000,33.401986, 66.84315266666665, 112.70694466666667, 223.07070866666666
100000,237.890611, 437.2849033333334, 835.6497640000001, 1640.1736529999998
500000,936.714375, 1783.5496943333335, 3399.5467360000002, 6740.199375
1000000,1859.6880700000002, 3444.8557773333337, 6734.691819333333, 13137.360208666665
