filter, NONE
,50, 100, 200, 400
functions,50, 100, 200, 400
functions (shared),50, 100, 200, 400
10000,69.56661100000001, 149.8945, 293.878361, 587.895986
100000,673.7934166666668, 1447.480361, 2892.113152666667, 6022.1373613333335
500000,3466.971819, 7444.623208, 14561.682333333332, 29686.246264
1000000,6955.7038613333325, 14783.515722333332, 29061.311736333333, 59703.113236000005
