filter,MATCHONCE(DocumentType == 'EC Purchase Order' && ItemCategory != '3-way match, invoice after GR')
,50, 100, 200, 400
functions,100, 200, 400, 800
functions (shared),51, 101, 201, 401
10000,2.283083, 2.4666530000000004, 2.748597333333333, 3.3372363333333332
100000,32.994375, 35.05068033333333, 35.126125, 34.746542
500000,190.77198633333333, 167.915611, 165.99318066666666, 170.22601366666666
1000000,364.35029133333336, 345.64029200000004, 350.70501399999995, 343.73623633333335
