filter,MATCHONCE(DocumentType != 'Framework order' && ItemCategory == '3-way match, invoice before GR')
,50, 100, 200, 400
functions,100, 200, 400, 800
functions (shared),51, 101, 201, 401
10000,161.118278, 296.01119466666665, 600.580389, 1171.4972360000002
100000,1124.0808746666667, 2234.5879303333336, 4405.405916666667, 8888.961972333333
500000,5119.001944333333, 9858.121916333332, 19641.167930666667, 39326.287221666666
1000000,9866.570847, 18998.590097, 37630.081528, 78861.948264
