filter, NONE
,50, 100, 200, 400
functions,100, 200, 400, 800
functions (shared),36, 38, 40, 40
10000,23.925291666666666, 26.923958666666667, 30.194958333333332, 40.402764
100000,221.385625, 231.22147199999998, 254.57493033333333, 285.8168613333333
500000,1036.9106393333334, 1107.232833, 1174.185208, 1255.0285276666666
1000000,2032.5195, 2188.317528, 2298.298389, 2396.159444666667
