filter,MATCHONCE(ItemCategory == '3-way match, invoice after GR' && ItemType != 'Service')
,50, 100, 200, 400
functions,150, 300, 600, 1200
functions (shared),36, 41, 41, 41
10000,1.7922083333333336, 2.259986, 3.1485276666666664, 5.176985666666666
100000,24.363444333333334, 26.661013666666666, 29.838569666666668, 39.09994433333333
500000,135.98137466666665, 137.20079166666667, 140.71572233333333, 146.174903
1000000,262.02269466666667, 274.06055566666663, 283.03243033333337, 286.24668033333336
