filter,MATCHONCE(AgeCategory != '50-65' && Gender == 'V')
,50, 100, 200, 400
functions,100, 200, 400, 800
functions (shared),51, 101, 201, 401
10000,11.303208333333336, 18.917958, 35.19152733333333, 60.68695833333334
100000,65.96647233333333, 98.86501433333335, 163.17075033333333, 290.1720833333333
500000,312.8791386666667, 499.23419433333333, 843.4677776666667, 1538.3900276666666
1000000,661.6179446666666, 1084.075861, 1863.8090136666667, 3392.091708
2000000,1333.067694, 2215.821972, 3825.3472636666665, 6979.385847333334
5000000,3365.616444333333, 5567.675472, 9647.243180666666, 17590.401777666666
